0,1,2,3,4,5,6,7,8,9,10,11,12,13,14,15,16,17,18,19,20,21,22,23,24,25,26,27,28,29,30,31,32,33,34,35,36,37,38,39,40,41,42,43,44,45,46,47,48,49,50,51,52,53,54,55,56,57,58,59,60,61,62,63,64,65,66,67,68,69,70,71,72,73,74,75,76,77,78,79,80,81,82,83,84,85,86,87,88,89,90,91,92,93,94,95
-0.48400414,-0.57577026,-0.64783484,-0.69708693,-0.72273713,-0.78957534,-0.82881874,-0.8519535,-0.8091404,-0.8636436,-0.8977214,-0.926301,-0.9437879,-0.9655166,-0.98182166,-0.96484107,-0.92126006,-0.9048056,-0.8572195,-0.8031374,-0.63258725,-0.5074186,-0.39068976,-0.26996526,-0.07518785,0.10713428,0.27147695,0.38653857,0.6415815,0.74806416,0.8313706,0.8697646,0.9641825,1.0091218,1.0393794,1.0644244,1.0499121,1.0851444,1.0951804,1.0891147,1.0874455,1.0980952,1.1226774,1.1379908,1.1421814,1.1599032,1.1500574,1.0964183,1.0610149,0.974043,0.9371408,0.91430515,0.9309436,0.913633,0.88490665,0.83672994,0.8407606,0.8271144,0.8057976,0.7874528,0.7974037,0.7865575,0.7769542,0.7909971,0.80205435,0.8069104,0.84599066,0.8852916,0.90837663,0.94410354,0.9986892,1.0193032,1.0212231,1.0282191,1.0205494,1.0119321,0.88173383,0.8139691,0.7485197,0.6892246,0.6029316,0.52808523,0.4418688,0.34652236,0.27550477,0.17743738,0.08220693,0.007814208,0.1070268,0.085352585,-0.032544818,-0.123708345,-0.18749027,-0.3097926,-0.4081511,-0.47283128
-0.5420522,-0.6298244,-0.7173559,-0.8010394,-0.8148542,-0.89044416,-0.93926233,-0.9920692,-0.9487553,-0.9854058,-1.0293684,-1.0871453,-1.1084126,-1.12304,-1.1523494,-1.1544483,-1.1474385,-1.1411208,-1.1252196,-1.098399,-0.9977122,-0.95056176,-0.8896461,-0.8480359,-0.7859534,-0.7152484,-0.6396476,-0.56145763,-0.35535944,-0.27805156,-0.19882464,-0.12202121,-0.053596444,0.024785697,0.059535444,0.11506618,0.15822825,0.19576721,0.21389803,0.23777324,0.24901907,0.27508792,0.28791958,0.29338244,0.32577994,0.3379727,0.34756902,0.28718615,0.267019,0.16129217,0.11270927,0.06721119,0.07686594,0.019211411,0.0012509748,-0.052330077,-0.059996486,-0.07778743,-0.09946379,-0.13278684,-0.111781776,-0.13622855,-0.13214067,-0.11150516,-0.13309355,-0.11189972,-0.067415714,-0.019136894,0.018484188,0.05091286,0.09534117,0.11409786,0.14568469,0.13691328,0.13675441,0.11617658,-0.008441484,-0.031210642,-0.06039628,-0.086906545,-0.14410138,-0.18420365,-0.24920283,-0.2874845,-0.36776534,-0.45096585,-0.5044044,-0.55865616,-0.4401356,-0.44598857,-0.5480365,-0.624699,-0.6710577,-0.7722816,-0.88836974,-0.93903905
-0.898214,-0.9765196,-1.0482892,-1.1226912,-1.1541222,-1.2228258,-1.2595422,-1.297851,-1.2654418,-1.2913771,-1.3410099,-1.3744918,-1.4145577,-1.4111158,-1.4504193,-1.4550283,-1.4422927,-1.4319373,-1.4154025,-1.3940524,-1.3348547,-1.2880493,-1.2476329,-1.2324177,-1.1755121,-1.1420715,-1.0850215,-1.0034767,-0.82483405,-0.7623849,-0.6740014,-0.60920066,-0.57417125,-0.4717781,-0.44158602,-0.3945718,-0.3144437,-0.28533286,-0.2445449,-0.2080209,-0.19687721,-0.15830879,-0.13385615,-0.11823716,-0.083523214,-0.057648614,-0.048936997,-0.098480105,-0.09383349,-0.22121474,-0.23886704,-0.29296112,-0.29995888,-0.34351635,-0.35149172,-0.38486263,-0.43048534,-0.4377162,-0.44077334,-0.48552078,-0.45623362,-0.49723232,-0.48647743,-0.48368463,-0.4735554,-0.4458031,-0.4259106,-0.3508999,-0.31952995,-0.28735292,-0.22491488,-0.16793902,-0.13657446,-0.11346276,-0.089445606,-0.10733205,-0.18704225,-0.21135466,-0.21335155,-0.24301171,-0.2517765,-0.28048274,-0.3356927,-0.37652975,-0.44222513,-0.51528734,-0.5633665,-0.6056347,-0.47030798,-0.47443113,-0.5727215,-0.6605389,-0.68526316,-0.7989849,-0.90499616,-0.92209184
-0.8029489,-0.8819183,-0.9548228,-0.9924653,-1.0341485,-1.0871654,-1.1144947,-1.1359239,-1.0857673,-1.1256858,-1.1620116,-1.1770357,-1.1940985,-1.2076277,-1.2186726,-1.2056612,-1.1437497,-1.1181961,-1.050657,-0.98996043,-0.7986982,-0.65006375,-0.52222097,-0.3741513,-0.10998604,0.11250278,0.28982747,0.42119253,0.6956556,0.8116424,0.888558,0.9320968,1.0176841,1.0579982,1.0853072,1.0930566,1.0645902,1.1025035,1.1120776,1.1183095,1.100002,1.1210526,1.1493874,1.1727773,1.1796485,1.2134241,1.1964463,1.1485498,1.1142615,1.0223987,0.9958571,1.0027335,1.017923,1.0117311,0.99098766,0.95270044,0.9460728,0.9427893,0.926147,0.89960027,0.91722643,0.891963,0.8751916,0.88602084,0.89104974,0.88807034,0.90231085,0.9333647,0.93253523,0.95471483,1.0161575,1.0288861,1.022432,1.042178,1.0609844,1.0558126,0.9251744,0.8675555,0.81880003,0.7536055,0.67458665,0.5999194,0.5254878,0.42971164,0.35052148,0.2514631,0.14787161,0.05594381,0.12693769,0.0969128,-0.025020245,-0.1285165,-0.20106721,-0.3266702,-0.42395973,-0.47912535
-0.48063523,-0.5675293,-0.63894707,-0.6854397,-0.71632886,-0.78242195,-0.81402814,-0.83878285,-0.8045098,-0.85150564,-0.8857097,-0.9102933,-0.9317764,-0.9496142,-0.96695346,-0.9517093,-0.90781397,-0.8877756,-0.83867973,-0.7835226,-0.618745,-0.484588,-0.3684846,-0.24605452,-0.050141804,0.1445432,0.30570662,0.42205173,0.677441,0.786029,0.862102,0.9052332,0.9940851,1.0391278,1.0699236,1.0855424,1.0753878,1.1078286,1.1166604,1.1114922,1.1061182,1.1175995,1.1419923,1.1515919,1.153693,1.1754087,1.1589273,1.1083199,1.0760381,0.98839605,0.94986415,0.92672515,0.9444603,0.92826915,0.8996562,0.8562407,0.8520773,0.83986294,0.8213979,0.80769515,0.81807727,0.80112475,0.79448104,0.80881053,0.8186617,0.81950176,0.858835,0.9009823,0.92283404,0.9546886,1.0179423,1.0361947,1.037309,1.0448725,1.0418764,1.033822,0.9041769,0.83562547,0.7731684,0.70756674,0.624377,0.54989153,0.46654624,0.36557958,0.2929914,0.19494507,0.09842066,0.020710168,0.113713086,0.09409861,-0.017897565,-0.11569313,-0.18061683,-0.30485705,-0.39732534,-0.4589981
-0.57013595,-0.65593565,-0.72713345,-0.7712506,-0.8045115,-0.8670639,-0.899756,-0.9249986,-0.88248354,-0.92355764,-0.96282035,-0.9861524,-1.0065469,-1.0185238,-1.0384066,-1.0251914,-0.9768605,-0.9577439,-0.9083646,-0.8527892,-0.6890082,-0.5533586,-0.4412637,-0.3231198,-0.12545006,0.06540033,0.22582972,0.34437203,0.59900135,0.7060504,0.780132,0.82152593,0.9082619,0.9596452,0.98320717,0.9991568,0.9920505,1.0281968,1.0349098,1.0353602,1.0295109,1.0448494,1.071835,1.0804801,1.0892875,1.1121385,1.0992182,1.0487574,1.0196775,0.92780524,0.89250547,0.87602246,0.88837045,0.8718179,0.8498448,0.80964696,0.7994331,0.79422575,0.77303255,0.75634193,0.7663446,0.74747664,0.7389176,0.7529248,0.7628956,0.76335454,0.79490924,0.8355925,0.85377645,0.88540536,0.9513866,0.96822757,0.96889395,0.9824609,0.9872762,0.9775045,0.85203785,0.7885734,0.73412126,0.6719978,0.5943292,0.5246285,0.4439164,0.34808952,0.28042704,0.1789216,0.08304766,0.0072443318,0.09520066,0.07538352,-0.036732335,-0.13565227,-0.19620743,-0.3223226,-0.4130067,-0.46948433
-0.5348695,-0.61807185,-0.695272,-0.7364109,-0.76874137,-0.8311847,-0.8691303,-0.89229625,-0.8513986,-0.89293605,-0.9330761,-0.9620947,-0.98070365,-0.99076116,-1.0129856,-0.9976771,-0.9545287,-0.9386017,-0.89316994,-0.83924806,-0.6889145,-0.55735326,-0.45459437,-0.34343183,-0.15814798,0.016593918,0.16707167,0.2824425,0.52522004,0.6255317,0.7029499,0.7464019,0.8280115,0.8820364,0.9063601,0.92663985,0.9242126,0.95975953,0.9723237,0.96537584,0.96516305,0.98034036,1.0069424,1.0102127,1.0218028,1.041415,1.0308315,0.98338985,0.9530482,0.86068434,0.82661736,0.80229145,0.81362426,0.79361516,0.77499855,0.73253906,0.72326994,0.7122274,0.6931226,0.6744075,0.6846121,0.6692787,0.66096824,0.67348635,0.68438834,0.6880359,0.71845126,0.7615981,0.7824035,0.81387687,0.88195974,0.8997638,0.90108114,0.91097206,0.91291004,0.9034975,0.7814915,0.72223675,0.6682695,0.6098243,0.53435475,0.4675946,0.3905712,0.29845288,0.23032245,0.13075097,0.039788976,-0.03396385,0.05981008,0.040348228,-0.06784983,-0.1645672,-0.22166775,-0.34855482,-0.43887234,-0.4927644
-0.62777126,-0.71378446,-0.79948664,-0.85351896,-0.87426686,-0.9340991,-0.97848094,-1.0056057,-0.96229917,-1.0069029,-1.0413278,-1.0851707,-1.0918187,-1.1043621,-1.1271065,-1.1078541,-1.0699162,-1.0573739,-1.0143806,-0.9523714,-0.79137367,-0.6733395,-0.56203276,-0.4417407,-0.22928119,-0.05458942,0.092580676,0.20146911,0.45712465,0.5577805,0.6360445,0.6916651,0.782526,0.8343725,0.86019135,0.8865012,0.8707166,0.9054996,0.9181588,0.9098958,0.9093055,0.9248667,0.9504465,0.9506289,0.9733523,0.98625696,0.98413336,0.9397538,0.8914851,0.80818367,0.7708633,0.7500307,0.7721254,0.74167943,0.72178125,0.66879755,0.67872506,0.66325647,0.63304925,0.61723566,0.62100905,0.6090259,0.5994645,0.60880244,0.60683864,0.59601986,0.6184156,0.6373166,0.6475169,0.6714125,0.7210463,0.7203712,0.71043307,0.71699643,0.71747583,0.70317245,0.5768269,0.52770156,0.48709208,0.43921024,0.35851002,0.30290943,0.2241119,0.15341394,0.0817357,-0.022111597,-0.098086074,-0.1864107,-0.11597285,-0.14999807,-0.25490576,-0.3458219,-0.41805,-0.5353262,-0.63905936,-0.69902134
-0.5968249,-0.6793042,-0.7693094,-0.84619653,-0.868723,-0.9375468,-0.99454546,-1.0448967,-1.0028675,-1.031635,-1.0742283,-1.13289,-1.1559162,-1.1657395,-1.1987158,-1.2009975,-1.1970116,-1.1834701,-1.1741056,-1.1483836,-1.0571247,-1.0039421,-0.94811875,-0.9053935,-0.8366661,-0.76544565,-0.6916565,-0.61771214,-0.41533968,-0.33520636,-0.26074946,-0.18432894,-0.11267452,-0.031569436,-0.0005735755,0.058204778,0.09564522,0.1286599,0.14679244,0.16462249,0.17601503,0.19790328,0.20726117,0.2065314,0.24169762,0.25564918,0.2647019,0.20729521,0.17671606,0.07510701,0.03150218,-0.019688416,-0.014931239,-0.06720928,-0.09422306,-0.14091584,-0.14671645,-0.17167401,-0.1920471,-0.23033427,-0.2020812,-0.23115611,-0.2283568,-0.20727447,-0.23439169,-0.21568024,-0.17943966,-0.13786012,-0.10265202,-0.07944505,-0.03313832,-0.011880501,0.0072851963,-0.005894717,-0.0042486284,-0.014888476,-0.14706142,-0.15692899,-0.18244335,-0.20462732,-0.2554323,-0.28578794,-0.3430165,-0.37309936,-0.45723367,-0.5320021,-0.5925894,-0.6452105,-0.5409491,-0.54369193,-0.65825814,-0.73869896,-0.78397214,-0.8850845,-0.9913376,-1.0398103
-0.9788142,-1.0580988,-1.123956,-1.1996769,-1.2344824,-1.3035518,-1.3357197,-1.3727058,-1.3399861,-1.3686332,-1.4199125,-1.4481366,-1.4900728,-1.486711,-1.5262098,-1.5303557,-1.516894,-1.5082932,-1.4902655,-1.4694961,-1.416589,-1.3702389,-1.3361201,-1.323526,-1.2613455,-1.2343504,-1.1820498,-1.1019548,-0.92170024,-0.86509824,-0.77330613,-0.7127871,-0.6794331,-0.5785069,-0.5477379,-0.49965584,-0.411143,-0.38684827,-0.33868048,-0.3038304,-0.29224166,-0.25421524,-0.22294456,-0.20446843,-0.17390417,-0.14391004,-0.1369266,-0.18309449,-0.17675512,-0.30166063,-0.31542468,-0.3705044,-0.38105497,-0.42217055,-0.4301385,-0.46019155,-0.51274186,-0.5181839,-0.51802194,-0.5642805,-0.53596014,-0.57640594,-0.5629649,-0.5677218,-0.5470713,-0.5197954,-0.5105188,-0.43087575,-0.40037793,-0.37065348,-0.3044602,-0.24416082,-0.21437444,-0.18560474,-0.15694134,-0.17621027,-0.24428013,-0.26724032,-0.26408452,-0.29531252,-0.29385555,-0.32066527,-0.37354618,-0.41469055,-0.47399557,-0.54861695,-0.59306854,-0.6350495,-0.4953048,-0.503894,-0.59876716,-0.6887436,-0.71314114,-0.82732534,-0.9309158,-0.94406044
-0.8021296,-0.88323873,-0.96550924,-0.987556,-1.0290996,-1.064078,-1.1097307,-1.1350754,-1.0837281,-1.107108,-1.1572666,-1.1646727,-1.1914637,-1.1937628,-1.2011508,-1.192562,-1.1183451,-1.0968825,-1.0311217,-0.97105825,-0.778184,-0.64436096,-0.50586736,-0.36704913,-0.10783958,0.11063537,0.2790571,0.42086744,0.6778349,0.79544723,0.8772319,0.92026716,1.0018113,1.0380077,1.0733697,1.0851055,1.0557588,1.0883392,1.1089505,1.1257148,1.0974872,1.1264434,1.1526922,1.1743274,1.1903394,1.2216209,1.208154,1.1493049,1.1194923,1.0341746,1.0018259,1.0169463,1.0317792,1.034752,1.0033993,0.97376984,0.96380806,0.95951605,0.94541657,0.9200909,0.931761,0.9149213,0.8946499,0.911515,0.9127027,0.92369145,0.9485135,0.9768004,0.9845677,1.0130917,1.0711843,1.0926691,1.0876161,1.1071478,1.1249435,1.1212668,0.98512435,0.9433331,0.88020486,0.81681,0.7389871,0.65068036,0.5808505,0.48589104,0.39584407,0.28718734,0.18847902,0.09901249,0.19093114,0.16488595,0.037702665,-0.06531642,-0.1427001,-0.25666344,-0.35079905,-0.41051054
-0.43714684,-0.5247113,-0.59810334,-0.6439726,-0.6735257,-0.74074835,-0.77358973,-0.7997269,-0.76592124,-0.80915636,-0.84658796,-0.8722377,-0.8947706,-0.91162384,-0.9312561,-0.9167393,-0.8741225,-0.85638744,-0.8107844,-0.7586914,-0.59995997,-0.46764383,-0.35813123,-0.24519044,-0.0632498,0.1250428,0.27987808,0.39376408,0.6450536,0.7508751,0.8262913,0.86743647,0.9566984,1.004335,1.0325662,1.0497239,1.0452073,1.0771526,1.0837512,1.0802318,1.0763705,1.0864323,1.1122636,1.1148809,1.1200833,1.1388198,1.1242695,1.0745304,1.0404041,0.9548223,0.9139556,0.8877049,0.9016859,0.88308173,0.8584745,0.81554884,0.80521655,0.7959916,0.77653897,0.7628975,0.7727527,0.75621784,0.7518525,0.7658778,0.7758351,0.7764726,0.81680286,0.8612618,0.885991,0.91938156,0.9863003,1.0046217,1.0066907,1.0120388,1.0067018,0.99775165,0.8693393,0.80345964,0.7404773,0.6760498,0.59593624,0.52451193,0.44099164,0.34113526,0.27325916,0.17418009,0.077901065,0.0045807716,0.10119276,0.08184912,-0.026376646,-0.12469093,-0.18428135,-0.3103818,-0.4003292,-0.4593267
-0.48876,-0.5730143,-0.648793,-0.68633807,-0.7195121,-0.7802189,-0.81684077,-0.8384078,-0.8022235,-0.83751845,-0.87448317,-0.904317,-0.9193734,-0.9340615,-0.9522335,-0.9386173,-0.89242053,-0.87318486,-0.8264306,-0.7726841,-0.613926,-0.47380066,-0.36696857,-0.25208917,-0.054393135,0.1329022,0.28766882,0.40695077,0.655847,0.7643913,0.83875215,0.87764,0.96478355,1.0182266,1.0350296,1.0547903,1.0465105,1.0772532,1.0832627,1.080315,1.0745966,1.0863198,1.1144221,1.1110476,1.1237873,1.1407548,1.1291745,1.0855631,1.0487098,0.95624816,0.9245753,0.90082806,0.9145993,0.8960572,0.87875545,0.83337027,0.8245405,0.82043004,0.79683816,0.779063,0.7921734,0.77227354,0.76802117,0.7800953,0.78993005,0.78669405,0.8184494,0.85885817,0.8770519,0.9106315,0.9784499,0.9949651,0.98956925,1.0005668,0.99609387,0.9861944,0.8608417,0.8025803,0.74218816,0.68028665,0.6031268,0.53885806,0.45499173,0.3602493,0.29570842,0.18944004,0.09525514,0.018811898,0.10688752,0.08568468,-0.024240274,-0.122364245,-0.17727424,-0.30581173,-0.3948074,-0.4490766
-0.4764433,-0.563202,-0.63877606,-0.6819057,-0.71163815,-0.77608514,-0.81229377,-0.83484805,-0.79829234,-0.84078634,-0.8775028,-0.9060712,-0.9246788,-0.94010514,-0.95922893,-0.94474846,-0.89844364,-0.8814962,-0.8355289,-0.7814019,-0.6196407,-0.48666465,-0.37502447,-0.25611162,-0.06588803,0.12196165,0.27987245,0.39664543,0.6462207,0.7541852,0.83079153,0.8713687,0.9601846,1.0109588,1.0334182,1.0529736,1.04486,1.076453,1.0838727,1.0785654,1.0766445,1.0872246,1.1129673,1.1142169,1.1243365,1.1393015,1.130568,1.0826224,1.0474584,0.95816696,0.9217899,0.89816904,0.9137695,0.894767,0.8723115,0.82779324,0.8202499,0.8122194,0.7899202,0.7752352,0.78537256,0.7692628,0.7621688,0.7747956,0.78439087,0.783398,0.81845677,0.8566596,0.877862,0.9101879,0.9749997,0.99215114,0.98814595,0.99643624,0.9915053,0.98211294,0.8562098,0.7917561,0.7306979,0.6711774,0.59098583,0.5222388,0.43730935,0.34116387,0.27517948,0.17348428,0.07979702,0.0029877946,0.094842196,0.0736337,-0.038123067,-0.13460037,-0.19205672,-0.31985313,-0.41036764,-0.47004262
-0.57554775,-0.6641156,-0.74815845,-0.7994085,-0.8209056,-0.87776,-0.922976,-0.9510924,-0.9074718,-0.9470303,-0.98124546,-1.0291892,-1.0324514,-1.0441582,-1.0659903,-1.0463841,-1.0070754,-0.99448967,-0.9560896,-0.8899725,-0.7313777,-0.60663515,-0.4976414,-0.3805983,-0.16883801,0.009589821,0.15619516,0.26851344,0.523892,0.6255466,0.7016025,0.7539099,0.84874463,0.9016389,0.9186575,0.94844586,0.93068886,0.9647425,0.9737838,0.96338654,0.961557,0.9764856,1.0040004,0.99665,1.0209917,1.0310034,1.02887,0.98634887,0.9359107,0.84982026,0.81499237,0.7918609,0.8127175,0.7818447,0.7664443,0.7113474,0.72122693,0.71000326,0.6768898,0.66117275,0.6653261,0.652062,0.6452811,0.654809,0.65369755,0.63730407,0.659508,0.679977,0.6923215,0.71675813,0.7696544,0.7657722,0.75197077,0.7597386,0.75527734,0.73926306,0.61184084,0.56495404,0.52141064,0.4703863,0.38830948,0.3371188,0.25590247,0.18672495,0.116687566,0.0074995533,-0.07033219,-0.15885758,-0.089794576,-0.12302858,-0.22545882,-0.31867158,-0.387095,-0.50604004,-0.6075379,-0.6657815
-0.6549202,-0.73531675,-0.8249005,-0.9017962,-0.92762303,-0.9957689,-1.051702,-1.1025025,-1.0640182,-1.0918517,-1.1361611,-1.1900789,-1.2161235,-1.2282579,-1.2606716,-1.2663572,-1.2614974,-1.2480884,-1.2418454,-1.2174056,-1.1358066,-1.0851133,-1.0358454,-0.9986586,-0.93683267,-0.8710569,-0.8041464,-0.73281866,-0.5334135,-0.4607634,-0.38089675,-0.30484974,-0.23704687,-0.15655097,-0.12003374,-0.06182968,-0.01881973,0.011899121,0.03596508,0.054113403,0.062274158,0.08603769,0.09707488,0.10086041,0.1346502,0.1499992,0.15911698,0.1014394,0.07118881,-0.032655153,-0.074398175,-0.12703949,-0.12611309,-0.17842235,-0.20554785,-0.25077486,-0.26013026,-0.28598648,-0.30315787,-0.34653506,-0.3147173,-0.3487677,-0.34246594,-0.32159024,-0.34767947,-0.3288855,-0.29500365,-0.2490268,-0.21352963,-0.19199637,-0.14412989,-0.11360304,-0.09588161,-0.10783096,-0.10312393,-0.108132444,-0.24042486,-0.24624126,-0.26751548,-0.28902632,-0.3305319,-0.36064917,-0.41220102,-0.43933308,-0.527434,-0.5915715,-0.6550817,-0.706622,-0.5978731,-0.60108227,-0.7153918,-0.79856735,-0.8427436,-0.9417901,-1.0501277,-1.0930951
-0.97319955,-1.0577896,-1.1214436,-1.189365,-1.2367157,-1.2999336,-1.3331604,-1.3663294,-1.3363948,-1.3672636,-1.4164703,-1.4487672,-1.4828258,-1.4911915,-1.5247405,-1.525847,-1.5209984,-1.5173693,-1.5061033,-1.4866297,-1.4496151,-1.4059993,-1.3905535,-1.3914415,-1.345819,-1.3356419,-1.2912681,-1.2215874,-1.0551232,-1.0017362,-0.91377646,-0.8600453,-0.8281282,-0.7272362,-0.69585145,-0.6429799,-0.54338694,-0.52128,-0.4732806,-0.4403511,-0.42703605,-0.3980226,-0.36137986,-0.34408087,-0.3154525,-0.28675213,-0.28417534,-0.32169178,-0.3170791,-0.43174016,-0.4542663,-0.5142867,-0.53145033,-0.5725195,-0.5798114,-0.61356765,-0.6625625,-0.669901,-0.66632724,-0.7163663,-0.6859639,-0.72820055,-0.7048554,-0.716977,-0.684684,-0.6606424,-0.65205574,-0.57000506,-0.5361515,-0.5018108,-0.43832105,-0.37877962,-0.3428128,-0.30828765,-0.288225,-0.30266854,-0.3569022,-0.37090412,-0.36591294,-0.40313745,-0.38560033,-0.4109019,-0.45096144,-0.50228626,-0.54260314,-0.6191753,-0.6604539,-0.690224,-0.54796815,-0.564768,-0.6489487,-0.7301919,-0.75611895,-0.8674524,-0.962715,-0.9752016
-0.8905016,-0.96909165,-1.0530232,-1.0731403,-1.1213915,-1.1635115,-1.2007921,-1.2200251,-1.1729636,-1.1991928,-1.2407863,-1.2553077,-1.2707062,-1.2802948,-1.2895962,-1.2768275,-1.2112511,-1.1844923,-1.116312,-1.0553514,-0.8636129,-0.7203475,-0.5861732,-0.44176543,-0.16366203,0.05870174,0.23104075,0.36320555,0.6305071,0.74530005,0.82874006,0.8702986,0.95454836,0.98820764,1.0210762,1.0324206,0.9980711,1.0310775,1.051612,1.0600784,1.0367543,1.0593821,1.0879744,1.1111851,1.1282452,1.1615108,1.1486485,1.099782,1.0606587,0.97302496,0.9487773,0.9615433,0.97591424,0.9775996,0.9527782,0.91385037,0.91266227,0.9059187,0.88913894,0.85907125,0.8757901,0.8531396,0.8363864,0.8459557,0.8449725,0.84658664,0.8553227,0.87798315,0.87273586,0.89311963,0.94988513,0.9654817,0.95661956,0.9797497,0.9992626,1.0002856,0.8694327,0.82924366,0.77808577,0.7165624,0.64497787,0.56657195,0.49962145,0.4065447,0.32503372,0.22380199,0.1203117,0.028333226,0.0991617,0.068654954,-0.06050631,-0.1600379,-0.23788035,-0.35585698,-0.45462254,-0.5120358
-0.42169148,-0.5111876,-0.5855334,-0.6375096,-0.6598634,-0.731242,-0.765664,-0.79599226,-0.75703394,-0.8016527,-0.84144604,-0.8715125,-0.8927833,-0.9101439,-0.93160105,-0.9189217,-0.87751615,-0.8623303,-0.8180784,-0.770486,-0.6134244,-0.4894611,-0.3843383,-0.28108144,-0.11478038,0.05815807,0.20747569,0.3193096,0.56751066,0.6698309,0.7473997,0.79114825,0.87633765,0.9277236,0.9575222,0.97829884,0.97821176,1.0149933,1.0229361,1.022147,1.0227008,1.0334878,1.0599917,1.0642954,1.0706159,1.0867811,1.0780303,1.0240194,0.9947126,0.9081641,0.8647143,0.8372316,0.84940743,0.82491094,0.80369484,0.75852424,0.7474729,0.7405961,0.719967,0.70529747,0.7126496,0.69921446,0.69438756,0.710572,0.7201779,0.7255452,0.76701236,0.813916,0.84214056,0.8788805,0.94333035,0.96158355,0.97012085,0.9749402,0.969254,0.9545392,0.8301791,0.76253736,0.7010557,0.6410378,0.5599179,0.48731816,0.40294698,0.30891553,0.24078211,0.14063938,0.049340032,-0.018661674,0.087588765,0.06840789,-0.038513403,-0.13409209,-0.18910913,-0.31497276,-0.40925357,-0.46853644
-0.4573576,-0.53997695,-0.61820894,-0.6550198,-0.6867357,-0.74689776,-0.78616345,-0.8088669,-0.77797604,-0.807674,-0.8493324,-0.879547,-0.8973172,-0.90803313,-0.92963254,-0.91852343,-0.8769393,-0.85877585,-0.81755066,-0.7661866,-0.6213361,-0.48661238,-0.3906573,-0.2896685,-0.11272925,0.061331466,0.20263603,0.31456006,0.5541673,0.6550052,0.7293778,0.77110577,0.85048497,0.9043161,0.9293979,0.9484814,0.94875765,0.97920054,0.9893244,0.98959607,0.9835027,0.99537134,1.0200641,1.0190145,1.0313814,1.0472127,1.035633,0.99014914,0.95961076,0.8672023,0.83240855,0.8057971,0.812522,0.7907893,0.77498746,0.7335228,0.718413,0.7107497,0.6933607,0.67630124,0.68678665,0.6645797,0.6631928,0.680712,0.6926881,0.6938601,0.72696996,0.7749547,0.7988011,0.8337829,0.906365,0.9253833,0.9299736,0.9377414,0.93572783,0.92640275,0.80213237,0.7477932,0.69051456,0.6285368,0.5549832,0.48771775,0.40980983,0.3187737,0.2541408,0.1506051,0.05848871,-0.011506844,0.08379695,0.06375725,-0.036803808,-0.13432562,-0.18669693,-0.3133262,-0.40347683,-0.45100796
-0.38280421,-0.47226286,-0.5467705,-0.5823808,-0.6135698,-0.68144536,-0.71083,-0.74046296,-0.7099774,-0.7404484,-0.7801759,-0.8107938,-0.8314291,-0.8463818,-0.87173784,-0.8551814,-0.8156982,-0.79573834,-0.7560257,-0.7086975,-0.5652592,-0.43066207,-0.33216986,-0.24146427,-0.081737876,0.09022048,0.22800311,0.34436506,0.5811861,0.68688095,0.7575032,0.79738015,0.87733567,0.9312617,0.9574719,0.9762836,0.98229265,1.0161011,1.0239589,1.0303519,1.0224452,1.0346298,1.0574182,1.0593711,1.0676492,1.0822198,1.0700939,1.0174447,0.9962125,0.9023982,0.86357933,0.831301,0.8368418,0.8210934,0.79791605,0.75908995,0.7400754,0.7350693,0.7184037,0.70043385,0.7133224,0.69165814,0.69234353,0.7113388,0.7262847,0.7321808,0.77466285,0.82581645,0.8593221,0.9025353,0.97362024,0.995402,1.0050911,1.0136693,1.0113641,0.99765956,0.8752444,0.8087407,0.74615276,0.6837226,0.6055191,0.5360379,0.4538905,0.35546833,0.29043186,0.1898655,0.09659396,0.032972373,0.1372339,0.12480749,0.022870593,-0.07643366,-0.122036025,-0.25216696,-0.33780876,-0.38855338
-0.54017884,-0.6297444,-0.7137426,-0.77233267,-0.7915385,-0.85497355,-0.89694375,-0.93369895,-0.89025587,-0.93043756,-0.97014815,-1.0175186,-1.0273037,-1.036701,-1.0664346,-1.0504893,-1.0189269,-1.0086424,-0.97556734,-0.9170843,-0.77717584,-0.66855437,-0.56818795,-0.47587684,-0.30231228,-0.1490316,-0.01986137,0.08247651,0.32429415,0.4207128,0.49391037,0.55101657,0.64173543,0.69660395,0.7247557,0.7552894,0.7563518,0.79306674,0.8026884,0.80169326,0.7998699,0.81817126,0.8385426,0.8372745,0.8614237,0.87338716,0.8690068,0.81801957,0.78296274,0.6931892,0.65046346,0.62032175,0.6371064,0.6020051,0.5801883,0.5306414,0.53334945,0.51920885,0.4888055,0.4738169,0.4766689,0.46375406,0.4588896,0.4759801,0.47262505,0.46591246,0.49810085,0.5241566,0.548137,0.57766217,0.62927526,0.6296296,0.6312562,0.6346336,0.63576335,0.61855185,0.4896715,0.44161588,0.4023851,0.35857517,0.27791178,0.22303626,0.14919914,0.08377245,0.01141062,-0.08992445,-0.16052571,-0.23923072,-0.16092665,-0.18379532,-0.2821961,-0.37250096,-0.43634954,-0.5527857,-0.65531796,-0.7116545
-0.62870604,-0.7167335,-0.79936117,-0.8646448,-0.90873307,-0.97290856,-1.0203772,-1.0741727,-1.0423126,-1.06012,-1.1145754,-1.1646289,-1.1923653,-1.2018331,-1.2411288,-1.2427381,-1.2503847,-1.2348751,-1.2387106,-1.2177894,-1.1711192,-1.1190939,-1.1005955,-1.0850999,-1.04778,-1.0042567,-0.96171904,-0.905027,-0.71646804,-0.6586212,-0.58620965,-0.5150846,-0.4526184,-0.37706155,-0.33431697,-0.27755406,-0.20823838,-0.18547723,-0.15484676,-0.14697902,-0.13521178,-0.117729716,-0.09879638,-0.10423597,-0.07573995,-0.064331785,-0.06086433,-0.11553695,-0.13833909,-0.23189431,-0.2721455,-0.33540013,-0.35236993,-0.4037383,-0.43115366,-0.46641552,-0.49692795,-0.526843,-0.5273411,-0.5728502,-0.544236,-0.5736416,-0.56129473,-0.5508433,-0.5557726,-0.53721434,-0.5190629,-0.4611808,-0.4167788,-0.3985213,-0.33325464,-0.2990898,-0.2858144,-0.29510942,-0.28300658,-0.2956193,-0.40728426,-0.40029258,-0.4117627,-0.44388506,-0.46622202,-0.48310116,-0.5160617,-0.5543896,-0.6256387,-0.6946545,-0.7464418,-0.79067963,-0.6806401,-0.68310744,-0.77761954,-0.86261964,-0.9051477,-1.0027481,-1.0917819,-1.1286008
-1.0240636,-1.1075525,-1.1728119,-1.2393794,-1.2933916,-1.3530885,-1.3873688,-1.4147286,-1.3840462,-1.4200917,-1.469505,-1.4983809,-1.5327817,-1.5522414,-1.5763398,-1.5795156,-1.5744411,-1.5736351,-1.5604757,-1.5493511,-1.5070326,-1.4688711,-1.4532875,-1.4526675,-1.404041,-1.3866818,-1.3435906,-1.2786267,-1.1173007,-1.0581039,-0.97688645,-0.92329067,-0.8838489,-0.79006946,-0.7551986,-0.6991351,-0.6081517,-0.5813992,-0.53996634,-0.50867385,-0.49357337,-0.46821788,-0.42884022,-0.41407332,-0.38305998,-0.3514598,-0.35291702,-0.38832688,-0.39051935,-0.49791265,-0.5281091,-0.5851502,-0.5996663,-0.64033556,-0.649768,-0.6869689,-0.7323707,-0.7434812,-0.74187315,-0.7882893,-0.7602145,-0.79737395,-0.77772784,-0.7893725,-0.75793886,-0.7414309,-0.7303368,-0.6567633,-0.62697875,-0.59127516,-0.5350691,-0.48020643,-0.4447047,-0.40848407,-0.3907516,-0.3999588,-0.453966,-0.4653289,-0.4569455,-0.49014977,-0.46424335,-0.4876804,-0.52145165,-0.5721797,-0.60943985,-0.6848973,-0.7234283,-0.757742,-0.6193166,-0.639333,-0.72838706,-0.80546886,-0.83895755,-0.9505108,-1.0345315,-1.0548807
-0.9123219,-0.9913955,-1.0759158,-1.0987886,-1.1438749,-1.1902148,-1.2271061,-1.2444184,-1.1938109,-1.2228009,-1.2621701,-1.2835689,-1.2938784,-1.3063008,-1.3175602,-1.29904,-1.2401906,-1.214483,-1.1470639,-1.0860324,-0.89532983,-0.750062,-0.6223858,-0.4799291,-0.20095134,0.013740197,0.18424764,0.31370205,0.58652335,0.6986002,0.77952975,0.8254168,0.9062332,0.9451228,0.9723795,0.98746413,0.9496479,0.9899197,1.0082238,1.0140051,0.998077,1.017996,1.0488353,1.0705589,1.0886753,1.1201688,1.1100969,1.0676981,1.0235975,0.9388536,0.91391665,0.92329025,0.9362428,0.9343679,0.91505694,0.87251085,0.87439334,0.8682177,0.8495153,0.8182399,0.8335142,0.8099594,0.79200715,0.80034506,0.8040289,0.80021614,0.80213153,0.82433647,0.8170165,0.83409107,0.8902022,0.90273494,0.89705586,0.91739976,0.9366214,0.93657845,0.8102658,0.76907444,0.7256288,0.6639774,0.5947372,0.52167124,0.4530786,0.36644956,0.28935486,0.18915415,0.088790715,-0.0034234207,0.064496174,0.025978297,-0.09877105,-0.19621071,-0.2737995,-0.39479122,-0.49323452,-0.5475832
-0.52216524,-0.6092467,-0.6838425,-0.727403,-0.75915885,-0.8229983,-0.8560138,-0.8860374,-0.84687215,-0.88292074,-0.9247711,-0.95136565,-0.9720162,-0.9847232,-1.0086534,-0.9934256,-0.95430946,-0.9344392,-0.88860273,-0.83753127,-0.68601555,-0.5589994,-0.45541805,-0.351353,-0.18105143,-0.0075591803,0.13944411,0.2516799,0.49491584,0.5996425,0.6718387,0.7185858,0.79657173,0.8487065,0.87896127,0.89617103,0.8980131,0.9378211,0.94686157,0.95327765,0.94902194,0.9644414,0.9854753,0.9966309,1.0084074,1.0280402,1.0168554,0.9648721,0.94404125,0.8488777,0.810588,0.79004484,0.7978696,0.78078514,0.75756717,0.7159336,0.7054494,0.6970837,0.6828135,0.6614065,0.6715536,0.6516853,0.6447761,0.665693,0.6740378,0.6834949,0.7177291,0.7611789,0.787858,0.82187593,0.88944757,0.9081301,0.91916054,0.9304904,0.93472,0.92478734,0.8019856,0.74016106,0.68635356,0.6264913,0.5491543,0.47869414,0.40384403,0.30734846,0.23776048,0.13984893,0.050137833,-0.019519823,0.07825054,0.06228567,-0.045730438,-0.13839617,-0.19677499,-0.320733,-0.41117966,-0.46716937
-0.5255041,-0.60764927,-0.68939304,-0.7313905,-0.76117635,-0.8215325,-0.8603455,-0.88868207,-0.84920156,-0.8777989,-0.9222724,-0.95970947,-0.9709855,-0.98157716,-1.0063072,-0.9920025,-0.9530364,-0.93668085,-0.89325476,-0.84404105,-0.6988048,-0.5661323,-0.4725711,-0.3730528,-0.19264819,-0.0236426,0.11270887,0.22281896,0.46605957,0.5680381,0.6378748,0.68836796,0.7675456,0.8254572,0.84674066,0.86902034,0.8673959,0.90582997,0.9130879,0.9146231,0.91291505,0.9258584,0.95441365,0.94687426,0.9655949,0.9814817,0.97350144,0.92953706,0.8949873,0.8066488,0.7677094,0.7442266,0.7531107,0.72503966,0.71319103,0.6679843,0.65411705,0.65022486,0.62679446,0.6075014,0.6169584,0.5981951,0.5935996,0.6098856,0.6132911,0.6119938,0.638332,0.67677873,0.6988098,0.73027444,0.79908633,0.8075358,0.8095633,0.81594896,0.8185363,0.80505306,0.6817539,0.6329284,0.5832949,0.5290134,0.45554182,0.3951173,0.32081223,0.2381964,0.17309977,0.067228794,-0.018085483,-0.09232639,-0.0018243939,-0.025392082,-0.12811282,-0.22554299,-0.27869084,-0.40618595,-0.49600375,-0.546842
-0.52898556,-0.61398435,-0.69454634,-0.7350484,-0.76599276,-0.82386285,-0.8663986,-0.89351326,-0.8490037,-0.88459283,-0.92653763,-0.9616538,-0.9744119,-0.9849241,-1.0122417,-0.9948531,-0.956474,-0.9391457,-0.8982859,-0.84572744,-0.70091957,-0.56752783,-0.47194383,-0.37623832,-0.18889669,-0.021438286,0.119781315,0.22675891,0.47230357,0.57165956,0.6440379,0.69010466,0.7770499,0.83098704,0.8529687,0.8767833,0.8732325,0.9099006,0.9172235,0.9181826,0.91107386,0.92516804,0.9531082,0.95083183,0.96791947,0.98561394,0.97297895,0.92816585,0.893907,0.80297285,0.76782453,0.7401694,0.7499153,0.7240181,0.7081959,0.6641259,0.6544199,0.6470147,0.6235248,0.6026243,0.61261415,0.59362274,0.59118253,0.6070671,0.6156562,0.6118143,0.640949,0.6792241,0.7052968,0.736387,0.80043775,0.8114814,0.81509095,0.82239985,0.8262153,0.8167657,0.6851943,0.6375072,0.5872825,0.5320873,0.45669198,0.39381316,0.32282585,0.24227965,0.17498235,0.07218212,-0.015196195,-0.08721104,-0.0027060024,-0.024708513,-0.12760173,-0.22354952,-0.28059727,-0.40294302,-0.49427497,-0.5444464
-0.6103603,-0.6963225,-0.7817844,-0.8352924,-0.8572481,-0.91348296,-0.95940727,-0.9967399,-0.9541979,-0.980479,-1.0231283,-1.0758699,-1.0818821,-1.0873958,-1.1153096,-1.0987421,-1.0700417,-1.0584311,-1.0282351,-0.9686875,-0.8352472,-0.7247072,-0.62992984,-0.5444551,-0.36343783,-0.21480918,-0.09344707,0.008372292,0.24879554,0.3424937,0.4125815,0.4734747,0.56000805,0.61791086,0.63818103,0.6735187,0.6733149,0.70869493,0.7192572,0.7193217,0.72039795,0.74009454,0.7616689,0.75309926,0.7833664,0.7962284,0.7939394,0.74910295,0.71022207,0.61955523,0.580714,0.5493802,0.5648395,0.5308642,0.5153439,0.46744263,0.4668467,0.45327997,0.42242345,0.40544876,0.41060203,0.39262795,0.38838822,0.40360165,0.39908352,0.386406,0.40972704,0.43433973,0.45449814,0.47655085,0.5308354,0.5306753,0.5308322,0.5344085,0.53633744,0.52260137,0.3937324,0.3626732,0.32701448,0.28437662,0.21275836,0.16348034,0.09539275,0.039889645,-0.03020282,-0.1325489,-0.20351286,-0.28340742,-0.21169871,-0.23921499,-0.33726415,-0.42625546,-0.4906038,-0.60431427,-0.70711833,-0.75623745
-0.6598959,-0.7518009,-0.8312849,-0.89299685,-0.94657826,-1.0098403,-1.0531298,-1.1085806,-1.079382,-1.0969912,-1.152246,-1.2041966,-1.2257062,-1.2430283,-1.2821416,-1.2789873,-1.2963089,-1.2794003,-1.288444,-1.269107,-1.2310312,-1.1794065,-1.1752359,-1.1661679,-1.1356198,-1.0998399,-1.0642003,-1.013054,-0.82922256,-0.7719592,-0.704422,-0.63907677,-0.57172644,-0.49695063,-0.45638287,-0.39619663,-0.31955028,-0.2987029,-0.26847655,-0.26022482,-0.24882321,-0.23959376,-0.21643451,-0.22488624,-0.19647104,-0.18414567,-0.18719473,-0.23351844,-0.26186556,-0.34165254,-0.39307982,-0.45677567,-0.48018187,-0.5307173,-0.5600426,-0.5963807,-0.6256217,-0.6557738,-0.65509117,-0.70175076,-0.6726795,-0.7060032,-0.6844276,-0.68199867,-0.6788397,-0.6639649,-0.6530589,-0.598643,-0.552487,-0.53254443,-0.47087145,-0.43917778,-0.42460707,-0.43093303,-0.4238056,-0.43347895,-0.53480744,-0.5187064,-0.52691287,-0.5641165,-0.5745533,-0.58452487,-0.6096218,-0.65546983,-0.70938265,-0.77902085,-0.83012515,-0.86705136,-0.76055014,-0.7725701,-0.8590209,-0.9400148,-0.98683685,-1.0804905,-1.1640791,-1.2006985
-1.1795131,-1.2581792,-1.3322358,-1.3896315,-1.4342973,-1.4877509,-1.5235133,-1.545942,-1.5134447,-1.5410794,-1.5985435,-1.6276526,-1.6585678,-1.691795,-1.7037872,-1.7159867,-1.6918333,-1.7125844,-1.6957152,-1.6996149,-1.6614404,-1.6300015,-1.6283207,-1.6470156,-1.6170553,-1.607352,-1.5649872,-1.5096848,-1.36095,-1.2954633,-1.2324332,-1.185123,-1.138774,-1.0586061,-1.0181966,-0.9557707,-0.8763485,-0.8303526,-0.8059193,-0.76560986,-0.73995,-0.70907867,-0.68065166,-0.6655488,-0.62114066,-0.59069633,-0.5832236,-0.614735,-0.61843026,-0.7184435,-0.7522738,-0.79408693,-0.8219226,-0.8554956,-0.8560666,-0.9047857,-0.94457304,-0.9517832,-0.9709996,-0.9983014,-0.9824735,-1.0060935,-0.9932062,-0.9964671,-0.96449745,-0.9669268,-0.94310856,-0.87849957,-0.84848565,-0.80609226,-0.7523521,-0.7153013,-0.652957,-0.6069826,-0.6000807,-0.5937374,-0.6408475,-0.6325446,-0.63228315,-0.63674057,-0.6136521,-0.6194164,-0.6394555,-0.6810565,-0.69707,-0.77465826,-0.80703044,-0.8359076,-0.6892112,-0.7151216,-0.80705196,-0.87709343,-0.9035471,-1.0328478,-1.1048867,-1.1327652
